Jarak(L),Total Dispersi (s),Total Daya(dBm)
1,5.005756686056564e-12,246.698
2,5.005756686056564e-12,246.396
3,5.005756686056565e-12,246.094
4,5.005756686056565e-12,245.792
5,5.005756686056565e-12,245.490
6,5.005756686056565e-12,245.188
7,5.005756686056565e-12,244.886
8,5.005756686056566e-12,244.584
9,5.005756686056566e-12,244.282
10,5.0057566860565666e-12,243.980
11,5.0057566860565666e-12,243.678
12,5.0057566860565666e-12,243.376
13,5.005756686056567e-12,243.074
14,5.005756686056567e-12,242.772
15,5.005756686056568e-12,242.470
16,5.005756686056568e-12,242.168
17,5.005756686056569e-12,241.866
18,5.00575668605657e-12,241.564
19,5.005756686056571e-12,241.262
20,5.005756686056571e-12,240.960
21,5.0057566860565714e-12,240.658
22,5.005756686056572e-12,240.356
23,5.005756686056573e-12,240.054
24,5.005756686056574e-12,239.752
25,5.005756686056575e-12,239.450
26,5.0057566860565755e-12,239.148
27,5.005756686056576e-12,238.846
28,5.005756686056577e-12,238.544
29,5.005756686056578e-12,238.242
30,5.0057566860565795e-12,237.940
31,5.00575668605658e-12,237.638
32,5.005756686056581e-12,237.336
33,5.005756686056583e-12,237.034
34,5.0057566860565835e-12,236.732
35,5.005756686056584e-12,236.430
36,5.005756686056586e-12,236.128
37,5.005756686056587e-12,235.826
38,5.005756686056588e-12,235.524
39,5.005756686056589e-12,235.222
40,5.005756686056591e-12,234.920
41,5.005756686056592e-12,234.618
42,5.005756686056593e-12,234.316
43,5.005756686056595e-12,234.014
44,5.0057566860565965e-12,233.712
45,5.005756686056597e-12,233.410
46,5.005756686056599e-12,233.108
47,5.0057566860566005e-12,232.806
48,5.005756686056602e-12,232.504
49,5.005756686056604e-12,232.202
50,5.005756686056605e-12,231.900
51,5.005756686056607e-12,231.598
52,5.0057566860566086e-12,231.296
53,5.00575668605661e-12,230.994
54,5.005756686056613e-12,230.692
55,5.005756686056614e-12,230.390
56,5.005756686056616e-12,230.088
57,5.0057566860566175e-12,229.786
58,5.00575668605662e-12,229.484
59,5.0057566860566215e-12,229.182
60,5.005756686056623e-12,228.880
61,5.0057566860566255e-12,228.578
62,5.005756686056627e-12,228.276
63,5.0057566860566296e-12,227.974
64,5.005756686056631e-12,227.672
65,5.005756686056634e-12,227.370
66,5.005756686056636e-12,227.068
67,5.005756686056638e-12,226.766
68,5.00575668605664e-12,226.464
69,5.0057566860566425e-12,226.162
70,5.005756686056645e-12,225.860
71,5.0057566860566465e-12,225.558
72,5.005756686056649e-12,225.256
73,5.005756686056651e-12,224.954
74,5.005756686056654e-12,224.652
75,5.005756686056656e-12,224.350
76,5.005756686056659e-12,224.048
77,5.005756686056662e-12,223.746
78,5.005756686056664e-12,223.444
79,5.005756686056667e-12,223.142
80,5.005756686056669e-12,222.840
81,5.0057566860566716e-12,222.538
82,5.005756686056675e-12,222.236
83,5.005756686056677e-12,221.934
84,5.00575668605668e-12,221.632
85,5.005756686056683e-12,221.330
86,5.005756686056685e-12,221.028
87,5.0057566860566886e-12,220.726
88,5.005756686056691e-12,220.424
89,5.005756686056694e-12,220.122
90,5.0057566860566974e-12,219.820
91,5.0057566860567e-12,219.518
92,5.005756686056703e-12,219.216
93,5.0057566860567055e-12,218.914
94,5.005756686056709e-12,218.612
95,5.005756686056712e-12,218.310
96,5.005756686056715e-12,218.008
97,5.0057566860567184e-12,217.706
98,5.005756686056722e-12,217.404
99,5.005756686056725e-12,217.102
100,5.005756686056728e-12,216.800
101,5.005756686056731e-12,216.498
102,5.0057566860567346e-12,216.196
103,5.005756686056738e-12,215.894
104,5.005756686056741e-12,215.592
105,5.005756686056745e-12,215.290
106,5.005756686056748e-12,214.988
107,5.0057566860567516e-12,214.686
108,5.005756686056756e-12,214.384
109,5.005756686056759e-12,214.082
110,5.005756686056763e-12,213.780
111,5.005756686056766e-12,213.478
112,5.005756686056769e-12,213.176
113,5.005756686056773e-12,212.874
114,5.0057566860567774e-12,212.572
115,5.005756686056781e-12,212.270
116,5.005756686056785e-12,211.968
117,5.005756686056789e-12,211.666
118,5.005756686056792e-12,211.364
119,5.005756686056796e-12,211.062
120,5.0057566860568e-12,210.760
121,5.005756686056804e-12,210.458
122,5.005756686056808e-12,210.156
123,5.005756686056812e-12,209.854
124,5.005756686056816e-12,209.552
125,5.00575668605682e-12,209.250
126,5.005756686056824e-12,208.948
127,5.005756686056828e-12,208.646
128,5.005756686056832e-12,208.344
129,5.005756686056837e-12,208.042
130,5.005756686056841e-12,207.740
131,5.005756686056845e-12,207.438
132,5.005756686056849e-12,207.136
133,5.005756686056854e-12,206.834
134,5.005756686056858e-12,206.532
135,5.005756686056863e-12,206.230
136,5.005756686056867e-12,205.928
137,5.005756686056871e-12,205.626
138,5.005756686056876e-12,205.324
139,5.005756686056881e-12,205.022
140,5.005756686056886e-12,204.720
141,5.00575668605689e-12,204.418
142,5.0057566860568945e-12,204.116
143,5.005756686056899e-12,203.814
144,5.0057566860569034e-12,203.512
145,5.005756686056908e-12,203.210
146,5.005756686056913e-12,202.908
147,5.005756686056918e-12,202.606
148,5.005756686056923e-12,202.304
149,5.005756686056928e-12,202.002
150,5.0057566860569325e-12,201.700
151,5.005756686056937e-12,201.398
152,5.005756686056942e-12,201.096
153,5.005756686056948e-12,200.794
154,5.005756686056953e-12,200.492
155,5.0057566860569575e-12,200.190
156,5.005756686056962e-12,199.888
157,5.005756686056968e-12,199.586
158,5.005756686056973e-12,199.284
159,5.0057566860569785e-12,198.982
160,5.005756686056983e-12,198.680
161,5.005756686056988e-12,198.378
162,5.005756686056994e-12,198.076
163,5.0057566860569996e-12,197.774
164,5.005756686057004e-12,197.472
165,5.00575668605701e-12,197.170
166,5.005756686057015e-12,196.868
167,5.0057566860570206e-12,196.566
168,5.005756686057026e-12,196.264
169,5.005756686057032e-12,195.962
170,5.0057566860570375e-12,195.660
171,5.005756686057043e-12,195.358
172,5.005756686057049e-12,195.056
173,5.0057566860570545e-12,194.754
174,5.00575668605706e-12,194.452
175,5.005756686057066e-12,194.150
176,5.0057566860570714e-12,193.848
177,5.005756686057077e-12,193.546
178,5.005756686057083e-12,193.244
179,5.0057566860570884e-12,192.942
180,5.005756686057095e-12,192.640
181,5.0057566860571005e-12,192.338
182,5.005756686057107e-12,192.036
183,5.005756686057113e-12,191.734
184,5.005756686057118e-12,191.432
185,5.005756686057125e-12,191.130
186,5.0057566860571304e-12,190.828
187,5.005756686057137e-12,190.526
188,5.005756686057143e-12,190.224
189,5.005756686057149e-12,189.922
190,5.0057566860571555e-12,189.620
191,5.005756686057161e-12,189.318
192,5.0057566860571676e-12,189.016
193,5.005756686057174e-12,188.714
194,5.0057566860571805e-12,188.412
195,5.005756686057187e-12,188.110
196,5.0057566860571934e-12,187.808
197,5.0057566860572e-12,187.506
198,5.005756686057206e-12,187.204
199,5.005756686057213e-12,186.902
200,5.005756686057219e-12,186.600
201,5.005756686057226e-12,186.298
202,5.005756686057232e-12,185.996
203,5.005756686057239e-12,185.694
204,5.005756686057245e-12,185.392
205,5.005756686057252e-12,185.090
206,5.005756686057259e-12,184.788
207,5.005756686057265e-12,184.486
208,5.0057566860572726e-12,184.184
209,5.005756686057279e-12,183.882
210,5.005756686057286e-12,183.580
211,5.005756686057293e-12,183.278
212,5.0057566860573e-12,182.976
213,5.0057566860573065e-12,182.674
214,5.005756686057314e-12,182.372
215,5.005756686057321e-12,182.070
216,5.0057566860573275e-12,181.768
217,5.005756686057335e-12,181.466
218,5.005756686057342e-12,181.164
219,5.005756686057349e-12,180.862
220,5.005756686057357e-12,180.560
221,5.005756686057364e-12,180.258
222,5.005756686057371e-12,179.956
223,5.0057566860573784e-12,179.654
224,5.005756686057386e-12,179.352
225,5.005756686057393e-12,179.050
226,5.0057566860574e-12,178.748
227,5.0057566860574075e-12,178.446
228,5.005756686057415e-12,178.144
229,5.005756686057423e-12,177.842
230,5.00575668605743e-12,177.540
231,5.005756686057437e-12,177.238
232,5.0057566860574455e-12,176.936
233,5.005756686057453e-12,176.634
234,5.005756686057461e-12,176.332
235,5.005756686057468e-12,176.030
236,5.005756686057476e-12,175.728
237,5.0057566860574834e-12,175.426
238,5.0057566860574915e-12,175.124
239,5.0057566860574996e-12,174.822
240,5.005756686057507e-12,174.520
241,5.005756686057515e-12,174.218
242,5.005756686057523e-12,173.916
243,5.005756686057531e-12,173.614
244,5.005756686057538e-12,173.312
245,5.005756686057547e-12,173.010
246,5.0057566860575545e-12,172.708
247,5.0057566860575626e-12,172.406
248,5.005756686057571e-12,172.104
249,5.0057566860575795e-12,171.802
250,5.005756686057588e-12,171.500
251,5.005756686057596e-12,171.198
252,5.005756686057604e-12,170.896
253,5.005756686057612e-12,170.594
254,5.00575668605762e-12,170.292
255,5.005756686057629e-12,169.990
256,5.005756686057637e-12,169.688
257,5.005756686057645e-12,169.386
258,5.005756686057654e-12,169.084
259,5.005756686057662e-12,168.782
260,5.005756686057671e-12,168.480
261,5.005756686057679e-12,168.178
262,5.005756686057688e-12,167.876
263,5.005756686057697e-12,167.574
264,5.005756686057705e-12,167.272
265,5.005756686057714e-12,166.970
266,5.0057566860577225e-12,166.668
267,5.0057566860577314e-12,166.366
268,5.0057566860577395e-12,166.064
269,5.005756686057748e-12,165.762
270,5.005756686057757e-12,165.460
271,5.005756686057766e-12,165.158
272,5.005756686057775e-12,164.856
273,5.005756686057784e-12,164.554
274,5.005756686057793e-12,164.252
275,5.005756686057802e-12,163.950
276,5.005756686057811e-12,163.648
277,5.00575668605782e-12,163.346
278,5.005756686057829e-12,163.044
279,5.005756686057838e-12,162.742
280,5.005756686057848e-12,162.440
281,5.005756686057857e-12,162.138
282,5.005756686057866e-12,161.836
283,5.005756686057875e-12,161.534
284,5.005756686057884e-12,161.232
285,5.005756686057894e-12,160.930
286,5.005756686057903e-12,160.628
287,5.005756686057912e-12,160.326
288,5.005756686057922e-12,160.024
289,5.005756686057932e-12,159.722
290,5.005756686057941e-12,159.420
291,5.00575668605795e-12,159.118
292,5.00575668605796e-12,158.816
293,5.005756686057969e-12,158.514
294,5.005756686057979e-12,158.212
295,5.005756686057988e-12,157.910
296,5.005756686057998e-12,157.608
297,5.005756686058008e-12,157.306
298,5.005756686058017e-12,157.004
299,5.005756686058027e-12,156.702
300,5.0057566860580376e-12,156.400
301,5.005756686058047e-12,156.098
302,5.005756686058057e-12,155.796
303,5.005756686058067e-12,155.494
304,5.005756686058076e-12,155.192
305,5.005756686058087e-12,154.890
306,5.0057566860580965e-12,154.588
307,5.005756686058107e-12,154.286
308,5.005756686058117e-12,153.984
309,5.005756686058127e-12,153.682
310,5.005756686058137e-12,153.380
311,5.0057566860581474e-12,153.078
312,5.005756686058157e-12,152.776
313,5.005756686058168e-12,152.474
314,5.005756686058178e-12,152.172
315,5.005756686058189e-12,151.870
316,5.005756686058198e-12,151.568
317,5.005756686058209e-12,151.266
318,5.005756686058219e-12,150.964
319,5.00575668605823e-12,150.662
320,5.00575668605824e-12,150.360
321,5.005756686058251e-12,150.058
322,5.005756686058261e-12,149.756
323,5.005756686058272e-12,149.454
324,5.005756686058282e-12,149.152
325,5.005756686058293e-12,148.850
326,5.005756686058303e-12,148.548
327,5.005756686058315e-12,148.246
328,5.005756686058325e-12,147.944
329,5.005756686058336e-12,147.642
330,5.005756686058346e-12,147.340
331,5.0057566860583575e-12,147.038
332,5.005756686058368e-12,146.736
333,5.005756686058379e-12,146.434
334,5.0057566860583906e-12,146.132
335,5.005756686058401e-12,145.830
336,5.0057566860584116e-12,145.528
337,5.005756686058423e-12,145.226
338,5.005756686058434e-12,144.924
339,5.0057566860584455e-12,144.622
340,5.005756686058456e-12,144.320
341,5.005756686058467e-12,144.018
342,5.005756686058479e-12,143.716
343,5.00575668605849e-12,143.414
344,5.005756686058501e-12,143.112
345,5.0057566860585125e-12,142.810
346,5.005756686058524e-12,142.508
347,5.005756686058535e-12,142.206
348,5.0057566860585465e-12,141.904
349,5.005756686058558e-12,141.602
350,5.005756686058569e-12,141.300
351,5.00575668605858e-12,140.998
352,5.0057566860585925e-12,140.696
353,5.005756686058604e-12,140.394
354,5.005756686058615e-12,140.092
355,5.0057566860586264e-12,139.790
356,5.0057566860586386e-12,139.488
357,5.005756686058651e-12,139.186
358,5.005756686058662e-12,138.884
359,5.005756686058673e-12,138.582
360,5.0057566860586854e-12,138.280
361,5.0057566860586975e-12,137.978
362,5.005756686058709e-12,137.676
363,5.005756686058721e-12,137.374
364,5.005756686058733e-12,137.072
365,5.005756686058745e-12,136.770
366,5.0057566860587565e-12,136.468
367,5.005756686058769e-12,136.166
368,5.005756686058781e-12,135.864
369,5.005756686058793e-12,135.562
370,5.005756686058805e-12,135.260
371,5.005756686058817e-12,134.958
372,5.005756686058829e-12,134.656
373,5.005756686058841e-12,134.354
374,5.0057566860588534e-12,134.052
375,5.0057566860588656e-12,133.750
376,5.005756686058878e-12,133.448
377,5.005756686058891e-12,133.146
378,5.005756686058903e-12,132.844
379,5.005756686058915e-12,132.542
380,5.005756686058928e-12,132.240
381,5.00575668605894e-12,131.938
382,5.005756686058953e-12,131.636
383,5.005756686058965e-12,131.334
384,5.005756686058978e-12,131.032
385,5.00575668605899e-12,130.730
386,5.005756686059003e-12,130.428
387,5.005756686059016e-12,130.126
388,5.005756686059028e-12,129.824
389,5.005756686059041e-12,129.522
390,5.005756686059054e-12,129.220
391,5.005756686059066e-12,128.918
392,5.005756686059079e-12,128.616
393,5.005756686059092e-12,128.314
394,5.005756686059105e-12,128.012
395,5.0057566860591176e-12,127.710
396,5.0057566860591305e-12,127.408
397,5.0057566860591434e-12,127.106
398,5.005756686059156e-12,126.804
399,5.00575668605917e-12,126.502
400,5.005756686059183e-12,126.200
401,5.005756686059196e-12,125.898
402,5.005756686059209e-12,125.596
403,5.005756686059223e-12,125.294
404,5.0057566860592355e-12,124.992
405,5.0057566860592484e-12,124.690
406,5.005756686059262e-12,124.388
407,5.005756686059275e-12,124.086
408,5.005756686059289e-12,123.784
409,5.005756686059302e-12,123.482
410,5.0057566860593155e-12,123.180
411,5.005756686059329e-12,122.878
412,5.005756686059342e-12,122.576
413,5.005756686059356e-12,122.274
414,5.00575668605937e-12,121.972
415,5.005756686059383e-12,121.670
416,5.005756686059396e-12,121.368
417,5.00575668605941e-12,121.066
418,5.005756686059424e-12,120.764
419,5.0057566860594375e-12,120.462
420,5.005756686059451e-12,120.160
421,5.005756686059465e-12,119.858
422,5.005756686059479e-12,119.556
423,5.005756686059492e-12,119.254
424,5.005756686059506e-12,118.952
425,5.005756686059521e-12,118.650
426,5.0057566860595344e-12,118.348
427,5.005756686059548e-12,118.046
428,5.005756686059563e-12,117.744
429,5.0057566860595764e-12,117.442
430,5.00575668605959e-12,117.140
431,5.005756686059605e-12,116.838
432,5.0057566860596184e-12,116.536
433,5.005756686059633e-12,116.234
434,5.005756686059647e-12,115.932
435,5.005756686059661e-12,115.630
436,5.005756686059675e-12,115.328
437,5.0057566860596895e-12,115.026
438,5.005756686059704e-12,114.724
439,5.0057566860597186e-12,114.422
440,5.005756686059733e-12,114.120
441,5.005756686059747e-12,113.818
442,5.005756686059761e-12,113.516
443,5.005756686059776e-12,113.214
444,5.0057566860597905e-12,112.912
445,5.005756686059805e-12,112.610
446,5.0057566860598196e-12,112.308
447,5.005756686059834e-12,112.006
448,5.0057566860598494e-12,111.704
449,5.005756686059864e-12,111.402
450,5.0057566860598785e-12,111.100
451,5.005756686059893e-12,110.798
452,5.005756686059908e-12,110.496
453,5.005756686059923e-12,110.194
454,5.0057566860599375e-12,109.892
455,5.005756686059952e-12,109.590
456,5.005756686059967e-12,109.288
457,5.005756686059983e-12,108.986
458,5.005756686059997e-12,108.684
459,5.005756686060013e-12,108.382
460,5.005756686060027e-12,108.080
461,5.0057566860600425e-12,107.778
462,5.005756686060058e-12,107.476
463,5.005756686060072e-12,107.174
464,5.005756686060088e-12,106.872
465,5.005756686060103e-12,106.570
466,5.0057566860601184e-12,106.268
467,5.005756686060134e-12,105.966
468,5.005756686060149e-12,105.664
469,5.005756686060164e-12,105.362
470,5.00575668606018e-12,105.060
471,5.005756686060195e-12,104.758
472,5.0057566860602105e-12,104.456
473,5.005756686060226e-12,104.154
474,5.005756686060241e-12,103.852
475,5.0057566860602566e-12,103.550
476,5.005756686060273e-12,103.248
477,5.005756686060288e-12,102.946
478,5.0057566860603034e-12,102.644
479,5.0057566860603196e-12,102.342
480,5.005756686060335e-12,102.040
481,5.005756686060351e-12,101.738
482,5.0057566860603664e-12,101.436
483,5.005756686060382e-12,101.134
484,5.005756686060398e-12,100.832
485,5.005756686060414e-12,100.530
486,5.0057566860604294e-12,100.228
487,5.005756686060446e-12,99.926
488,5.005756686060462e-12,99.624
489,5.005756686060478e-12,99.322
490,5.005756686060494e-12,99.020
491,5.00575668606051e-12,98.718
492,5.005756686060526e-12,98.416
493,5.005756686060542e-12,98.114
494,5.005756686060558e-12,97.812
495,5.005756686060574e-12,97.510
496,5.00575668606059e-12,97.208
497,5.005756686060606e-12,96.906
498,5.005756686060623e-12,96.604
499,5.0057566860606395e-12,96.302
500,5.005756686060656e-12,96.000
501,5.005756686060672e-12,95.698
502,5.005756686060689e-12,95.396
503,5.005756686060705e-12,95.094
504,5.005756686060722e-12,94.792
505,5.005756686060738e-12,94.490
506,5.005756686060755e-12,94.188
507,5.005756686060771e-12,93.886
508,5.005756686060788e-12,93.584
509,5.005756686060804e-12,93.282
510,5.005756686060821e-12,92.980
511,5.005756686060837e-12,92.678
512,5.005756686060854e-12,92.376
513,5.005756686060871e-12,92.074
514,5.005756686060888e-12,91.772
515,5.005756686060905e-12,91.470
516,5.005756686060921e-12,91.168
517,5.005756686060938e-12,90.866
518,5.005756686060955e-12,90.564
519,5.005756686060972e-12,90.262
520,5.005756686060989e-12,89.960
521,5.005756686061006e-12,89.658
522,5.005756686061024e-12,89.356
523,5.005756686061041e-12,89.054
524,5.005756686061058e-12,88.752
525,5.005756686061075e-12,88.450
526,5.005756686061092e-12,88.148
527,5.00575668606111e-12,87.846
528,5.0057566860611266e-12,87.544
529,5.005756686061144e-12,87.242
530,5.005756686061161e-12,86.940
531,5.005756686061179e-12,86.638
532,5.005756686061196e-12,86.336
533,5.005756686061214e-12,86.034
534,5.005756686061231e-12,85.732
535,5.0057566860612485e-12,85.430
536,5.005756686061266e-12,85.128
537,5.005756686061283e-12,84.826
538,5.005756686061301e-12,84.524
539,5.005756686061319e-12,84.222
540,5.0057566860613366e-12,83.920
541,5.005756686061354e-12,83.618
542,5.005756686061372e-12,83.316
543,5.00575668606139e-12,83.014
544,5.005756686061408e-12,82.712
545,5.0057566860614255e-12,82.410
546,5.005756686061443e-12,82.108
547,5.005756686061461e-12,81.806
548,5.005756686061479e-12,81.504
549,5.005756686061497e-12,81.202
550,5.005756686061515e-12,80.900
551,5.005756686061533e-12,80.598
552,5.005756686061551e-12,80.296
553,5.005756686061569e-12,79.994
554,5.005756686061587e-12,79.692
555,5.0057566860616056e-12,79.390
556,5.005756686061623e-12,79.088
557,5.005756686061642e-12,78.786
558,5.00575668606166e-12,78.484
559,5.005756686061678e-12,78.182
560,5.005756686061697e-12,77.880
561,5.005756686061715e-12,77.578
562,5.005756686061733e-12,77.276
563,5.005756686061752e-12,76.974
564,5.00575668606177e-12,76.672
565,5.005756686061788e-12,76.370
566,5.0057566860618075e-12,76.068
567,5.005756686061826e-12,75.766
568,5.005756686061844e-12,75.464
569,5.0057566860618625e-12,75.162
570,5.005756686061882e-12,74.860
571,5.0057566860619e-12,74.558
572,5.005756686061919e-12,74.256
573,5.0057566860619376e-12,73.954
574,5.005756686061956e-12,73.652
575,5.0057566860619756e-12,73.350
576,5.005756686061994e-12,73.048
577,5.005756686062013e-12,72.746
578,5.005756686062032e-12,72.444
579,5.005756686062051e-12,72.142
580,5.00575668606207e-12,71.840
581,5.005756686062089e-12,71.538
582,5.005756686062108e-12,71.236
583,5.005756686062127e-12,70.934
584,5.005756686062146e-12,70.632
585,5.005756686062165e-12,70.330
586,5.005756686062184e-12,70.028
587,5.005756686062203e-12,69.726
588,5.005756686062223e-12,69.424
589,5.005756686062242e-12,69.122
590,5.005756686062261e-12,68.820
591,5.00575668606228e-12,68.518
592,5.0057566860622995e-12,68.216
593,5.005756686062319e-12,67.914
594,5.005756686062338e-12,67.612
595,5.0057566860623585e-12,67.310
596,5.005756686062378e-12,67.008
597,5.005756686062397e-12,66.706
598,5.005756686062417e-12,66.404
599,5.005756686062436e-12,66.102
600,5.005756686062456e-12,65.800
601,5.0057566860624756e-12,65.498
602,5.005756686062495e-12,65.196
603,5.005756686062515e-12,64.894
604,5.0057566860625346e-12,64.592
605,5.005756686062555e-12,64.290
606,5.005756686062574e-12,63.988
607,5.005756686062594e-12,63.686
608,5.0057566860626145e-12,63.384
609,5.005756686062634e-12,63.082
610,5.005756686062654e-12,62.780
611,5.0057566860626735e-12,62.478
612,5.005756686062694e-12,62.176
613,5.005756686062714e-12,61.874
614,5.005756686062734e-12,61.572
615,5.005756686062754e-12,61.270
616,5.0057566860627745e-12,60.968
617,5.005756686062795e-12,60.666
618,5.005756686062815e-12,60.364
619,5.005756686062835e-12,60.062
620,5.005756686062855e-12,59.760
621,5.0057566860628754e-12,59.458
622,5.005756686062896e-12,59.156
623,5.005756686062917e-12,58.854
624,5.005756686062937e-12,58.552
625,5.005756686062957e-12,58.250
626,5.005756686062977e-12,57.948
627,5.005756686062998e-12,57.646
628,5.0057566860630184e-12,57.344
629,5.0057566860630394e-12,57.042
630,5.00575668606306e-12,56.740
631,5.005756686063081e-12,56.438
632,5.005756686063101e-12,56.136
633,5.005756686063122e-12,55.834
634,5.005756686063143e-12,55.532
635,5.005756686063163e-12,55.230
636,5.005756686063184e-12,54.928
637,5.005756686063205e-12,54.626
638,5.005756686063226e-12,54.324
639,5.005756686063247e-12,54.022
640,5.005756686063267e-12,53.720
641,5.005756686063288e-12,53.418
642,5.005756686063309e-12,53.116
643,5.005756686063331e-12,52.814
644,5.005756686063351e-12,52.512
645,5.005756686063373e-12,52.210
646,5.005756686063394e-12,51.908
647,5.005756686063415e-12,51.606
648,5.005756686063436e-12,51.304
649,5.005756686063458e-12,51.002
650,5.005756686063479e-12,50.700
651,5.0057566860635e-12,50.398
652,5.005756686063521e-12,50.096
653,5.005756686063543e-12,49.794
654,5.005756686063564e-12,49.492
655,5.0057566860635855e-12,49.190
656,5.005756686063607e-12,48.888
657,5.005756686063628e-12,48.586
658,5.00575668606365e-12,48.284
659,5.005756686063671e-12,47.982
660,5.005756686063693e-12,47.680
661,5.005756686063715e-12,47.378
662,5.0057566860637365e-12,47.076
663,5.005756686063758e-12,46.774
664,5.00575668606378e-12,46.472
665,5.005756686063801e-12,46.170
666,5.005756686063823e-12,45.868
667,5.005756686063845e-12,45.566
668,5.005756686063867e-12,45.264
669,5.0057566860638884e-12,44.962
670,5.005756686063911e-12,44.660
671,5.005756686063933e-12,44.358
672,5.005756686063955e-12,44.056
673,5.0057566860639765e-12,43.754
674,5.005756686063999e-12,43.452
675,5.005756686064021e-12,43.150
676,5.005756686064043e-12,42.848
677,5.005756686064065e-12,42.546
678,5.005756686064087e-12,42.244
679,5.00575668606411e-12,41.942
680,5.0057566860641316e-12,41.640
681,5.005756686064154e-12,41.338
682,5.005756686064176e-12,41.036
683,5.005756686064199e-12,40.734
684,5.005756686064221e-12,40.432
685,5.005756686064243e-12,40.130
686,5.005756686064266e-12,39.828
687,5.005756686064288e-12,39.526
688,5.005756686064311e-12,39.224
689,5.0057566860643335e-12,38.922
690,5.005756686064356e-12,38.620
691,5.005756686064379e-12,38.318
692,5.005756686064401e-12,38.016
693,5.005756686064424e-12,37.714
694,5.005756686064447e-12,37.412
695,5.005756686064469e-12,37.110
696,5.005756686064492e-12,36.808
697,5.0057566860645145e-12,36.506
698,5.005756686064538e-12,36.204
699,5.0057566860645605e-12,35.902
700,5.005756686064583e-12,35.600
701,5.0057566860646065e-12,35.298
702,5.005756686064629e-12,34.996
703,5.0057566860646526e-12,34.694
704,5.005756686064675e-12,34.392
705,5.005756686064699e-12,34.090
706,5.005756686064721e-12,33.788
707,5.005756686064745e-12,33.486
708,5.005756686064767e-12,33.184
709,5.005756686064791e-12,32.882
710,5.005756686064814e-12,32.580
711,5.0057566860648376e-12,32.278
712,5.005756686064861e-12,31.976
713,5.0057566860648844e-12,31.674
714,5.005756686064907e-12,31.372
715,5.0057566860649305e-12,31.070
716,5.005756686064954e-12,30.768
717,5.005756686064977e-12,30.466
718,5.005756686065001e-12,30.164
719,5.005756686065025e-12,29.862
720,5.0057566860650484e-12,29.560
721,5.005756686065072e-12,29.258
722,5.005756686065095e-12,28.956
723,5.005756686065119e-12,28.654
724,5.005756686065143e-12,28.352
725,5.005756686065166e-12,28.050
726,5.0057566860651906e-12,27.748
727,5.005756686065214e-12,27.446
728,5.0057566860652374e-12,27.144
729,5.005756686065262e-12,26.842
730,5.005756686065285e-12,26.540
731,5.005756686065309e-12,26.238
732,5.0057566860653336e-12,25.936
733,5.005756686065357e-12,25.634
734,5.005756686065381e-12,25.332
735,5.0057566860654055e-12,25.030
736,5.00575668606543e-12,24.728
737,5.005756686065454e-12,24.426
738,5.005756686065477e-12,24.124
739,5.0057566860655016e-12,23.822
740,5.005756686065526e-12,23.520
741,5.00575668606555e-12,23.218
742,5.005756686065574e-12,22.916
743,5.0057566860655985e-12,22.614
744,5.0057566860656236e-12,22.312
745,5.005756686065648e-12,22.010
746,5.005756686065672e-12,21.708
747,5.005756686065696e-12,21.406
748,5.0057566860657205e-12,21.104
749,5.0057566860657455e-12,20.802
750,5.00575668606577e-12,20.500
751,5.005756686065794e-12,20.198
752,5.005756686065819e-12,19.896
753,5.005756686065843e-12,19.594
754,5.005756686065868e-12,19.292
755,5.005756686065893e-12,18.990
756,5.0057566860659176e-12,18.688
757,5.005756686065943e-12,18.386
758,5.005756686065967e-12,18.084
759,5.005756686065992e-12,17.782
760,5.005756686066017e-12,17.480
761,5.005756686066042e-12,17.178
762,5.005756686066067e-12,16.876
763,5.005756686066092e-12,16.574
764,5.005756686066116e-12,16.272
765,5.005756686066141e-12,15.970
766,5.005756686066167e-12,15.668
767,5.0057566860661914e-12,15.366
768,5.005756686066217e-12,15.064
769,5.005756686066242e-12,14.762
770,5.005756686066267e-12,14.460
771,5.0057566860662924e-12,14.158
772,5.0057566860663175e-12,13.856
773,5.005756686066343e-12,13.554
774,5.005756686066368e-12,13.252
775,5.005756686066393e-12,12.950
776,5.005756686066419e-12,12.648
777,5.005756686066444e-12,12.346
778,5.00575668606647e-12,12.044
779,5.005756686066496e-12,11.742
780,5.005756686066521e-12,11.440
781,5.005756686066547e-12,11.138
782,5.005756686066572e-12,10.836
783,5.005756686066598e-12,10.534
784,5.005756686066624e-12,10.232
785,5.0057566860666495e-12,9.930
786,5.0057566860666745e-12,9.628
787,5.0057566860667e-12,9.326
788,5.005756686066726e-12,9.024
789,5.005756686066752e-12,8.722
790,5.005756686066778e-12,8.420
791,5.005756686066804e-12,8.118
792,5.0057566860668296e-12,7.816
793,5.0057566860668554e-12,7.514
794,5.005756686066881e-12,7.212
795,5.005756686066908e-12,6.910
796,5.005756686066934e-12,6.608
797,5.00575668606696e-12,6.306
798,5.0057566860669855e-12,6.004
799,5.005756686067012e-12,5.702
800,5.005756686067038e-12,5.400
801,5.005756686067065e-12,5.098
802,5.0057566860670905e-12,4.796
803,5.005756686067116e-12,4.494
804,5.005756686067143e-12,4.192
805,5.00575668606717e-12,3.890
806,5.0057566860671955e-12,3.588
807,5.005756686067222e-12,3.286
808,5.005756686067249e-12,2.984
809,5.0057566860672755e-12,2.682
810,5.005756686067301e-12,2.380
811,5.005756686067328e-12,2.078
812,5.005756686067355e-12,1.776
813,5.005756686067381e-12,1.474
814,5.005756686067408e-12,1.172
815,5.005756686067435e-12,0.870
816,5.005756686067461e-12,0.568
817,5.005756686067488e-12,0.266
818,5.005756686067515e-12,-0.036
819,5.005756686067541e-12,-0.338
820,5.005756686067569e-12,-0.640
821,5.005756686067595e-12,-0.942
822,5.005756686067622e-12,-1.244
823,5.005756686067649e-12,-1.546
824,5.005756686067676e-12,-1.848
825,5.005756686067703e-12,-2.150
826,5.00575668606773e-12,-2.452
827,5.005756686067757e-12,-2.754
828,5.005756686067784e-12,-3.056
829,5.005756686067811e-12,-3.358
830,5.0057566860678385e-12,-3.660
831,5.005756686067865e-12,-3.962
832,5.005756686067893e-12,-4.264
833,5.00575668606792e-12,-4.566
834,5.0057566860679476e-12,-4.868
835,5.005756686067975e-12,-5.170
836,5.005756686068002e-12,-5.472
837,5.005756686068029e-12,-5.774
838,5.005756686068057e-12,-6.076
839,5.005756686068084e-12,-6.378
840,5.0057566860681116e-12,-6.680
841,5.005756686068139e-12,-6.982
842,5.0057566860681665e-12,-7.284
843,5.005756686068194e-12,-7.586
844,5.005756686068222e-12,-7.888
845,5.00575668606825e-12,-8.190
846,5.005756686068277e-12,-8.492
847,5.005756686068305e-12,-8.794
848,5.005756686068333e-12,-9.096
849,5.00575668606836e-12,-9.398
850,5.005756686068389e-12,-9.700
851,5.005756686068416e-12,-10.002
852,5.005756686068444e-12,-10.304
853,5.005756686068472e-12,-10.606
854,5.0057566860685e-12,-10.908
855,5.0057566860685276e-12,-11.210
856,5.005756686068556e-12,-11.512
857,5.005756686068584e-12,-11.814
858,5.005756686068612e-12,-12.116
859,5.00575668606864e-12,-12.418
860,5.005756686068668e-12,-12.720
861,5.005756686068696e-12,-13.022
862,5.005756686068725e-12,-13.324
863,5.005756686068753e-12,-13.626
864,5.005756686068781e-12,-13.928
865,5.0057566860688095e-12,-14.230
866,5.005756686068838e-12,-14.532
867,5.005756686068866e-12,-14.834
868,5.005756686068894e-12,-15.136
869,5.0057566860689226e-12,-15.438
870,5.005756686068952e-12,-15.740
871,5.00575668606898e-12,-16.042
872,5.005756686069008e-12,-16.344
873,5.0057566860690365e-12,-16.646
874,5.0057566860690656e-12,-16.948
875,5.005756686069094e-12,-17.250
876,5.005756686069123e-12,-17.552
877,5.005756686069151e-12,-17.854
878,5.00575668606918e-12,-18.156
879,5.0057566860692085e-12,-18.458
880,5.005756686069238e-12,-18.760
881,5.005756686069267e-12,-19.062
882,5.005756686069295e-12,-19.364
883,5.005756686069324e-12,-19.666
884,5.005756686069353e-12,-19.968
885,5.005756686069382e-12,-20.270
886,5.005756686069411e-12,-20.572
887,5.00575668606944e-12,-20.874
888,5.0057566860694695e-12,-21.176
889,5.0057566860694985e-12,-21.478
890,5.005756686069528e-12,-21.780
891,5.005756686069557e-12,-22.082
892,5.005756686069586e-12,-22.384
893,5.005756686069615e-12,-22.686
894,5.005756686069644e-12,-22.988
895,5.005756686069674e-12,-23.290
896,5.005756686069703e-12,-23.592
897,5.005756686069732e-12,-23.894
898,5.005756686069762e-12,-24.196
899,5.005756686069791e-12,-24.498
900,5.00575668606982e-12,-24.800
